Date,Open,High,Low,Close,Adj Close,Volume
2019-02-18,46.89,47.70,46.44,46.56,39.74,62535140
2019-02-19,46.54,48.06,46.54,47.10,40.20,82245450
2019-02-20,47.25,49.38,47.25,49.12,41.93,154872510
2019-02-21,49.26,50.29,49.04,49.88,42.59,117827140
2019-02-22,49.70,50.40,49.21,50.23,42.88,100057230
2019-02-25,50.40,50.95,49.83,50.51,43.12,103576040
2019-02-26,49.80,50.86,49.17,50.36,42.99,98562990
2019-02-27,50.70,51.23,49.79,50.71,43.29,94443460
2019-02-28,50.66,51.10,49.83,50.04,42.72,74854180
2019-03-01,50.35,50.97,50.20,50.76,43.33,66725690
2019-03-05,50.84,52.29,50.52,52.17,44.54,91180370
2019-03-06,52.29,52.54,51.54,52.08,44.46,63112270
2019-03-07,51.99,52.32,51.36,52.12,44.49,61536310
2019-03-08,51.68,51.86,50.63,50.79,43.35,65048470
2019-03-11,51.00,52.24,50.95,52.06,44.45,59082750
2019-03-12,52.44,53.05,52.10,52.51,44.83,82982750
2019-03-13,52.50,52.50,51.26,51.38,43.86,64091530
2019-03-14,51.40,52.18,51.35,51.76,44.19,44966420
2019-03-15,51.80,52.10,51.24,51.54,44.00,42339380
2019-03-18,51.95,52.67,51.53,52.52,44.84,63176050
2019-03-19,52.78,53.19,52.06,52.75,45.03,63298400
2019-03-20,52.61,52.63,51.11,51.36,43.85,87023070
2019-03-22,51.70,52.40,51.56,51.84,44.25,52334460
2019-03-25,51.28,51.77,50.71,51.51,43.98,50368870
2019-03-26,51.60,52.10,51.42,51.94,44.34,33298250
2019-03-27,52.00,52.30,51.31,51.58,44.03,52391580
2019-03-28,51.44,51.65,50.48,50.63,43.22,89650930
2019-04-01,53.00,54.40,52.81,53.51,45.68,135235540
2019-04-02,53.80,53.80,52.61,53.06,45.30,50868180
2019-04-03,53.69,54.76,53.35,53.54,45.71,114896800
2019-04-04,53.28,53.74,52.65,53.06,45.30,52599170
2019-04-05,53.12,55.10,53.12,54.93,46.89,100377130
2019-04-08,55.32,55.70,54.58,54.90,46.87,106009010
2019-04-09,55.10,55.50,54.03,55.31,47.21,66189360
2019-04-10,55.17,55.94,54.17,54.44,46.47,78891530
2019-04-11,54.10,54.64,53.35,53.57,45.73,60823980
2019-04-12,53.70,54.27,53.22,53.37,45.56,62740160
2019-04-15,53.69,55.50,53.61,55.31,47.22,103903170
2019-04-16,55.36,55.69,54.92,55.33,47.23,63236540
2019-04-18,55.35,55.45,53.67,54.31,46.36,66605220
2019-04-22,54.00,54.58,53.31,53.42,45.60,36976860
2019-04-23,53.49,53.85,52.15,52.33,44.68,51193760
2019-04-24,52.69,52.79,51.27,52.53,44.84,83768350
2019-04-25,52.20,52.93,50.90,51.08,43.60,83594180
2019-04-26,52.08,54.78,51.56,54.53,46.55,381810110
2019-04-30,54.31,56.08,53.57,55.72,47.57,142581610
2019-05-02,55.41,56.17,54.95,55.49,47.38,90100300
2019-05-03,55.40,55.60,54.66,54.78,46.76,58796360
2019-05-06,53.42,54.35,52.74,53.60,45.75,99648390
2019-05-07,54.49,54.49,52.90,53.06,45.30,65414980
2019-05-08,53.13,53.24,52.16,52.26,44.62,64784320
2019-05-09,52.26,52.64,51.63,51.92,44.32,51055970
2019-05-10,52.20,52.58,47.90,48.68,41.56,372409210
2019-05-13,48.01,48.80,46.34,47.23,40.32,159569200
2019-05-14,46.70,47.76,45.63,46.96,40.08,211286060
2019-05-15,47.31,48.10,46.06,46.29,39.52,126650570
2019-05-16,46.40,47.13,45.51,46.92,40.06,112547310
2019-05-17,46.51,47.15,46.10,46.95,40.08,70884860
2019-05-20,47.80,49.47,47.67,48.38,41.30,84575830
2019-05-21,48.49,48.49,46.88,47.26,40.34,63370580
2019-05-22,47.20,48.06,46.74,47.30,40.38,83642240
2019-05-23,47.76,48.65,46.21,46.47,39.67,93403760
2019-05-24,46.50,48.63,45.84,48.42,41.33,108824810
2019-05-27,48.45,51.43,48.36,51.26,43.76,182077050
2019-05-28,51.41,51.86,50.52,50.71,43.29,99606130
2019-05-29,50.57,51.17,49.19,49.33,42.11,85236870
2019-05-30,49.30,49.65,48.60,48.79,41.66,72043630
2019-05-31,49.08,49.47,48.11,48.83,41.69,102769910
2019-06-03,48.90,50.19,48.51,49.76,42.48,85053920
2019-06-04,49.60,50.28,49.19,49.76,42.48,62125660
2019-06-06,49.76,50.26,48.30,48.46,41.37,72227990
2019-06-07,48.30,48.99,47.58,48.21,41.16,68111040
2019-06-10,48.90,49.48,48.31,48.61,41.49,68509170
2019-06-11,48.99,49.42,48.70,49.25,42.04,65345480
2019-06-12,49.28,50.80,49.01,50.58,43.18,127555250
2019-06-13,50.40,50.58,49.65,50.26,42.90,72248570
2019-06-14,49.90,50.85,49.71,50.18,42.84,66058960
2019-06-17,50.01,50.08,47.21,47.31,40.39,119382860
2019-06-18,47.33,47.85,46.37,47.23,40.32,106394540
2019-06-19,48.21,49.84,48.21,49.41,42.18,188375230
2019-06-20,49.41,50.28,48.99,50.10,42.77,78263560
2019-06-21,50.00,50.09,49.45,49.76,42.48,61262460
2019-06-24,49.72,49.98,48.19,48.63,41.51,72620000
2019-06-25,47.40,49.98,47.40,49.80,42.51,136491190
2019-06-26,49.50,51.23,49.03,51.06,43.59,129600840
2019-06-27,51.15,51.65,50.67,51.07,43.60,119467140
2019-06-28,51.15,51.56,49.91,50.44,43.06,87600340
2019-07-01,50.99,51.49,50.31,50.70,43.28,85443750
2019-07-02,50.86,51.09,50.21,50.88,43.44,57240040
2019-07-03,50.79,51.48,50.46,51.03,43.56,69464090
2019-07-04,50.00,50.26,49.38,49.53,43.39,72630590
2019-07-05,49.65,49.85,47.53,47.83,41.90,76163480
2019-07-08,47.50,47.95,46.52,46.81,41.00,80825910
2019-07-09,46.90,47.20,46.26,46.85,41.04,68585800
2019-07-10,46.95,47.44,44.81,45.48,39.84,134813440
2019-07-11,46.13,46.65,45.37,46.20,40.47,99870380
2019-07-12,46.43,47.95,46.03,47.29,41.43,132441180
2019-07-15,47.80,47.83,46.33,46.83,41.02,78060790
2019-07-16,46.51,47.86,46.41,47.67,41.76,64352100
2019-07-17,47.60,47.98,46.85,47.57,41.67,54793220
2019-07-18,47.30,47.54,46.38,46.66,40.87,52331730
2019-07-19,47.00,47.30,45.33,45.81,40.13,72848850
2019-07-22,45.81,46.73,45.12,46.56,40.78,69544520
2019-07-23,46.62,46.79,45.67,45.99,40.28,55292840
2019-07-24,46.10,46.30,44.31,44.60,39.07,83420010
2019-07-25,44.80,45.20,43.83,44.04,38.57,75280910
2019-07-26,43.90,44.82,43.56,44.55,39.03,65857860
2019-07-29,44.56,44.59,43.10,43.35,37.97,78727230
2019-07-30,43.49,44.19,40.62,41.51,36.36,94629210
2019-07-31,41.30,43.36,40.95,43.21,37.85,115418000
2019-08-01,42.75,43.19,41.48,42.00,36.79,94219850
2019-08-02,41.39,41.72,40.46,40.91,35.84,134859520
2019-08-05,40.40,40.40,38.97,39.92,34.97,112888540
2019-08-06,39.37,40.80,39.37,40.16,35.18,101975850
2019-08-07,39.50,39.65,37.58,38.19,33.45,133016090
2019-08-08,37.90,37.95,36.06,36.74,32.18,228263940
2019-08-09,37.05,37.37,36.08,36.24,31.74,133527610
2019-08-13,36.17,36.76,34.54,34.87,30.55,147820510
2019-08-14,35.36,37.08,35.34,36.47,31.94,187387690
2019-08-16,36.00,36.69,35.54,36.31,31.80,119202110
2019-08-19,36.59,36.70,35.72,35.96,31.50,98849660
2019-08-20,35.97,36.19,35.31,35.83,31.38,93637340
2019-08-21,35.70,35.82,34.19,34.30,30.05,114233780
2019-08-22,33.99,34.70,33.04,33.37,29.23,154598000
2019-08-23,33.30,34.90,33.04,34.53,30.24,112101340
2019-08-26,34.64,34.76,32.22,33.81,29.61,237649990
2019-08-27,34.10,35.47,34.01,35.09,30.74,173752960
2019-08-28,35.09,35.09,33.34,33.70,29.52,126417160
2019-08-29,33.40,34.26,32.86,33.56,29.39,134813100
2019-08-30,34.20,34.75,33.72,34.49,30.21,179722070
2019-09-03,34.10,34.12,32.90,33.14,29.03,92206530
2019-09-04,33.14,34.10,32.73,33.92,29.72,129047100
2019-09-05,34.60,35.20,34.22,34.51,30.24,142508850
2019-09-06,34.70,35.79,34.29,35.54,31.13,115554870
2019-09-09,35.54,36.06,34.81,35.38,30.99,143296190
2019-09-11,35.53,36.87,35.52,36.71,32.15,136500270
2019-09-12,36.88,37.95,36.30,36.51,31.98,188468200
2019-09-13,36.70,36.92,35.78,36.74,32.18,116222490
2019-09-16,36.20,36.64,35.86,36.11,31.63,80643190
2019-09-17,36.12,36.60,34.21,34.49,30.22,131984000
2019-09-18,34.80,36.13,34.54,35.83,31.38,162531840
2019-09-19,35.60,35.60,34.01,34.47,30.19,136564950
2019-09-20,34.79,38.10,34.41,36.86,32.28,267647140
2019-09-23,37.76,38.88,36.90,37.74,33.06,163931640
2019-09-24,37.80,37.93,36.82,37.08,32.48,95789890
2019-09-25,36.75,36.79,35.76,36.21,31.72,91169850
2019-09-26,36.50,37.94,36.33,37.58,32.92,140661520
2019-09-27,37.30,37.35,35.80,35.97,31.51,105687770
2019-09-30,35.50,36.37,34.56,36.05,31.58,147196960
2019-10-01,36.20,36.47,34.41,35.15,30.80,125641890
2019-10-03,34.65,34.89,33.85,33.96,29.75,121309560
2019-10-04,34.47,34.48,33.11,33.31,29.18,114452160
2019-10-07,33.49,33.83,32.35,32.48,28.45,124157800
2019-10-09,32.33,33.80,32.04,33.65,29.47,147767410
2019-10-10,33.29,33.46,32.80,32.99,28.90,115074980
2019-10-11,33.50,34.24,33.20,33.90,29.70,171588490
2019-10-14,34.58,35.28,34.29,34.49,30.21,167239630
2019-10-15,34.51,35.83,33.87,34.92,30.59,179722070
2019-10-16,35.38,35.38,34.53,34.74,30.43,128143020
2019-10-17,34.60,36.13,34.04,35.61,31.19,166951580
2019-10-18,35.60,36.28,35.17,35.96,31.50,165680360
2019-10-22,35.75,36.38,35.30,35.45,31.05,119442830
2019-10-23,35.20,35.88,34.92,35.62,31.20,93184500
2019-10-24,35.61,36.20,35.38,35.99,31.53,109734020
2019-10-25,35.63,36.90,35.61,36.22,31.73,149966920
2019-10-27,36.38,36.56,36.31,36.50,31.97,10820130
2019-10-29,36.56,39.97,36.56,39.02,34.18,251553140
2019-10-30,38.99,39.37,38.43,38.80,33.99,143714420
2019-10-31,38.89,39.01,37.62,38.06,33.34,217560230
2019-11-01,38.01,40.29,37.80,39.95,35.00,241111950
2019-11-04,40.30,42.17,40.30,40.92,35.84,289344340
2019-11-05,41.40,41.79,40.16,40.40,35.39,208744340
2019-11-06,40.20,40.89,39.87,40.45,35.43,179351470
2019-11-07,40.40,40.88,38.88,40.31,35.31,407007600
2019-11-08,40.15,40.62,39.51,39.79,34.86,214235200
2019-11-11,39.55,40.38,39.40,40.15,35.17,135739740
2019-11-13,40.09,40.88,39.27,39.79,34.86,175114690
2019-11-14,39.61,39.87,38.94,39.20,34.33,108694250
2019-11-15,39.20,40.30,39.06,39.45,34.56,118132590
2019-11-18,39.64,41.26,39.60,41.01,35.92,189065280
2019-11-19,41.40,41.49,40.00,40.17,35.19,142650830
2019-11-20,40.10,40.85,39.73,39.87,34.93,122556020
2019-11-21,39.90,39.92,38.33,38.51,33.73,102085540
2019-11-22,38.60,40.28,38.31,40.00,35.04,172719490
2019-11-25,40.53,42.10,40.30,41.95,36.75,276124580
2019-11-26,42.50,42.93,41.67,42.42,37.16,282763120
2019-11-27,42.53,42.70,41.92,42.13,36.91,109846790
2019-11-28,42.22,43.43,42.22,43.21,37.85,157660730
2019-11-29,42.74,42.95,42.11,42.75,37.45,126319560
2019-12-02,42.49,42.70,41.90,42.08,36.87,83371710
2019-12-03,41.80,41.86,39.64,39.97,35.01,168706560
2019-12-04,39.28,41.15,38.90,40.93,35.85,261132490
2019-12-05,41.11,41.19,39.71,39.98,35.02,111108840
2019-12-06,40.15,40.75,39.38,40.33,35.32,169310820
2019-12-09,40.30,41.18,40.20,40.67,35.63,123184520
2019-12-10,40.50,40.96,40.02,40.21,35.22,93495850
2019-12-11,40.24,40.82,40.04,40.56,35.53,82278630
2019-12-12,40.83,42.09,40.68,41.87,36.68,149846710
2019-12-13,43.03,43.46,42.35,42.84,37.53,216281830
2019-12-16,43.20,43.20,42.01,42.10,36.88,95658310
2019-12-17,42.36,44.19,42.31,43.94,38.49,307577380
2019-12-18,43.94,45.48,43.61,44.47,38.96,400283980
2019-12-19,44.00,44.94,43.80,44.67,39.14,205472860
2019-12-20,44.60,46.34,44.31,46.10,40.38,269312620
2019-12-23,46.10,46.75,45.71,46.22,40.48,186311430
2019-12-24,46.22,46.47,45.94,46.30,40.56,112355050
2019-12-26,46.30,47.20,46.30,46.79,40.99,182556030
2019-12-27,46.92,47.18,46.32,46.95,41.13,111443330
2019-12-30,47.01,47.63,46.51,47.47,41.59,114620740
2019-12-31,47.26,47.53,46.95,47.21,41.35,96441450
2020-01-01,47.30,47.65,46.48,46.78,40.97,121005300
2020-01-02,47.20,48.78,47.20,48.49,42.47,216749610
2020-01-03,48.30,48.62,47.95,48.37,42.37,129568630
2020-01-06,48.00,48.00,47.06,47.33,41.46,96016080
2020-01-07,47.55,48.46,47.36,47.61,41.71,131957880
2020-01-08,47.17,47.81,46.70,47.53,41.63,133048410
2020-01-09,48.50,48.60,47.91,48.31,42.32,101311520
2020-01-10,48.55,49.38,48.00,48.62,42.59,159276340
2020-01-13,49.11,49.70,48.78,49.58,43.43,109427500
2020-01-14,49.65,50.60,49.58,49.86,43.68,156608220
2020-01-15,49.19,50.36,48.92,50.21,43.98,121179480
2020-01-16,50.20,50.40,49.21,49.44,43.31,104383690
2020-01-17,49.33,49.89,49.19,49.53,43.38,56824600
2020-01-20,49.70,49.98,48.92,49.06,42.98,72918780
2020-01-21,48.78,48.78,47.35,47.62,41.71,113158030
2020-01-22,47.87,47.99,47.32,47.51,41.61,76621710
2020-01-23,47.59,48.19,47.31,48.03,42.07,72000200
2020-01-24,48.03,48.51,47.65,48.34,42.35,74811300
2020-01-27,47.78,47.78,46.01,46.24,40.51,129631190
2020-01-28,46.00,46.20,44.20,44.63,39.09,180152830
2020-01-29,45.28,45.97,44.96,45.22,39.61,110818340
2020-01-30,45.19,45.45,44.14,44.86,39.29,146520160
2020-01-31,45.30,45.42,43.65,43.87,38.43,107387270
2020-02-03,41.80,43.90,41.66,43.61,38.20,162371260
2020-02-04,44.20,45.34,43.35,45.19,39.59,133362630
2020-02-05,45.22,47.97,44.80,47.51,41.61,160567650
2020-02-06,47.80,48.72,47.16,47.76,41.84,166660740
2020-02-07,47.57,47.97,46.88,47.10,41.26,116499090
2020-02-10,46.03,46.33,44.00,44.38,38.88,267960480
2020-02-11,44.83,45.77,44.27,44.41,38.90,168243710
2020-02-12,45.00,45.45,44.26,44.79,39.24,117858580
2020-02-13,44.88,45.17,43.94,44.13,38.65,99652210
2020-02-14,44.10,44.56,43.33,43.46,38.07,94848170
2020-02-17,43.55,44.09,43.30,43.69,38.27,97247650
2020-02-18,43.40,43.51,42.13,43.14,37.79,115024230
2020-02-19,43.65,43.85,42.81,43.32,37.95,84651090
2020-02-20,42.90,44.77,42.80,44.36,38.85,129802370
2020-02-24,43.49,43.49,41.33,41.54,36.39,175231420
2020-02-25,41.90,42.56,41.44,42.13,36.91,145581760
2020-02-26,41.13,41.94,41.13,41.63,36.47,142707060
2020-02-27,41.49,41.59,40.71,41.28,36.16,102263790
2020-02-28,39.87,39.90,37.50,38.17,33.44,245328330
2020-03-02,39.37,39.40,35.80,36.40,31.89,202207720
2020-03-03,37.35,39.10,37.01,38.76,33.95,186489330
2020-03-04,38.81,38.99,36.51,37.72,33.04,229371480
2020-03-05,38.40,38.78,37.43,37.58,32.92,146284680
2020-03-06,35.70,35.83,34.67,35.15,30.79,148481880
2020-03-09,33.75,33.77,31.98,32.23,28.23,204221360
2020-03-11,32.40,32.61,29.61,29.98,26.26,286928700
2020-03-12,27.50,29.18,26.72,28.75,25.18,437671340
2020-03-13,27.00,33.21,25.54,32.67,28.62,338414370
2020-03-16,30.40,31.76,28.71,28.96,25.37,236054820
2020-03-17,30.00,30.76,28.05,28.28,24.77,206539390
2020-03-18,29.00,29.32,27.57,28.08,24.60,187721700
2020-03-19,26.90,28.45,26.05,27.18,23.81,187219810
2020-03-20,27.97,30.50,27.42,29.78,26.08,173077660
2020-03-23,26.80,27.80,25.36,27.12,23.75,121004020
2020-03-24,27.71,28.57,25.86,27.19,23.82,129288020
2020-03-25,26.71,29.50,26.71,28.68,25.12,94428290
2020-03-26,29.00,29.55,28.01,28.45,24.92,114938330
2020-03-27,29.10,29.53,27.42,27.73,24.29,111835940
2020-03-30,26.70,27.08,25.08,25.41,22.25,158537210
2020-03-31,26.23,27.25,25.97,26.96,23.62,157868130
2020-04-01,26.60,26.80,25.81,26.64,23.33,119647990
2020-04-03,26.77,26.89,25.10,25.38,22.23,125266950
2020-04-07,26.61,27.77,26.12,27.62,24.20,159566590
2020-04-08,27.10,29.29,26.67,27.48,24.07,204349980
2020-04-09,28.05,28.96,27.76,28.49,24.95,138556280
2020-04-13,28.50,29.20,27.39,28.25,24.75,155103280
2020-04-15,28.74,29.57,28.19,28.51,24.98,209917430
2020-04-16,27.60,29.19,27.60,28.89,25.31,172487980
2020-04-17,29.75,29.97,28.55,29.33,25.70,174923730
2020-04-20,29.48,29.50,28.51,28.64,25.09,119607480
2020-04-21,28.00,28.10,26.33,26.59,23.30,169249100
2020-04-22,26.61,26.99,25.92,26.83,23.51,147898560
2020-04-23,27.00,27.90,26.90,27.03,23.68,154678570
2020-04-24,26.63,27.39,26.45,26.75,23.44,123808460
2020-04-27,27.40,27.69,27.05,27.17,23.80,124106120
2020-04-28,27.39,27.54,26.96,27.36,23.96,85471050
2020-04-29,27.30,28.62,27.13,28.26,24.76,198765690
2020-04-30,29.00,30.45,28.87,29.83,26.13,236333720
2020-05-04,28.50,28.62,27.01,27.36,23.97,128914590
2020-05-05,27.90,28.24,27.10,27.26,23.88,121823300
2020-05-06,27.41,28.05,27.21,27.78,24.33,95077310
2020-05-07,27.55,28.29,27.47,27.58,24.16,89583760
2020-05-08,28.28,28.40,27.20,27.29,23.91,98777550
2020-05-11,27.56,28.30,27.50,27.62,24.20,109074080
2020-05-12,27.33,27.68,26.45,27.40,24.00,150402970
2020-05-13,28.75,28.80,27.35,27.66,24.23,147231160
2020-05-14,27.20,27.52,26.73,26.86,23.52,107969020
2020-05-15,27.00,27.68,26.88,27.34,23.95,149896650
2020-05-18,27.41,27.62,26.25,26.66,23.35,116153670
2020-05-19,27.20,28.04,26.75,27.20,23.83,168970940
2020-05-20,27.20,28.40,27.01,28.32,24.81,144218120
2020-05-21,28.39,28.63,27.85,28.37,24.85,130358110
2020-05-22,27.90,28.03,27.33,27.45,24.04,106567390
2020-05-26,27.75,28.44,27.70,28.05,24.57,121075590
2020-05-27,28.22,29.04,27.91,28.80,25.22,140074620
2020-05-28,29.19,29.86,28.94,29.55,25.89,166019580
2020-05-29,29.21,29.69,28.79,29.52,25.86,131279850
2020-06-01,30.20,31.78,30.20,31.52,27.61,243843600
2020-06-02,31.80,32.35,31.46,31.94,27.98,165626630
2020-06-03,32.54,32.63,31.50,31.74,27.80,103869540
2020-06-04,31.69,32.26,31.46,32.00,28.03,112512660
2020-06-05,32.58,34.37,32.51,33.90,29.69,309184760
2020-06-08,34.77,35.08,32.74,33.36,29.22,164816490
2020-06-09,33.60,34.40,32.88,33.22,29.10,149268320
2020-06-10,33.11,33.15,32.20,32.40,28.38,172188830
2020-06-11,32.20,32.35,31.10,31.32,27.43,139066840
2020-06-12,30.00,32.04,30.00,31.76,27.82,175578850
2020-06-15,31.38,31.50,30.26,30.62,26.82,185810020
2020-06-16,31.51,32.26,30.13,30.90,27.06,234418060
2020-06-17,30.72,31.48,30.50,30.82,27.00,114470230
2020-06-18,30.82,31.92,30.71,31.81,27.87,113692780
2020-06-19,32.10,32.58,31.73,32.06,28.08,151342880
2020-06-22,31.98,32.80,31.83,32.57,28.53,110312750
2020-06-23,32.77,33.35,32.62,33.20,29.08,125450560
2020-06-24,33.66,33.81,32.47,32.61,28.56,207826420
2020-06-25,32.20,32.74,32.10,32.31,28.30,113456530
2020-06-26,32.58,32.99,32.26,32.38,28.37,97063330
2020-06-29,32.30,32.60,31.21,32.08,28.11,119611330
2020-06-30,32.31,33.76,32.31,32.67,28.62,365236470
2020-07-01,32.90,32.96,32.03,32.37,28.36,104894330
2020-07-02,32.71,33.75,32.46,33.49,29.34,119713930
2020-07-03,33.70,33.70,32.74,32.99,28.90,106126140
2020-07-06,33.31,34.17,33.03,33.89,29.69,141439660
2020-07-07,33.88,33.88,32.81,33.03,28.93,108393710
2020-07-08,33.28,34.64,33.20,33.42,29.28,215601630
2020-07-09,33.70,34.85,33.65,34.45,30.18,244037810
2020-07-10,34.20,34.43,33.52,33.87,29.67,125261130
2020-07-13,34.33,34.70,33.85,34.21,29.97,121150000
2020-07-14,33.90,33.90,33.26,33.67,29.49,83070350
2020-07-15,34.06,34.65,33.80,33.93,29.72,96874130
2020-07-16,33.80,34.65,33.15,34.17,29.93,105860440
2020-07-17,34.60,35.68,34.51,35.10,30.74,244153950
2020-07-20,35.11,35.47,34.66,35.24,30.87,95320490
2020-07-21,35.60,36.06,34.95,35.92,31.46,113681040
2020-07-22,36.05,36.29,34.66,35.01,30.66,178429190
2020-07-23,35.01,35.64,34.76,35.19,30.83,96250490
2020-07-24,34.70,34.98,34.26,34.61,30.32,89188290
2020-07-27,35.10,35.39,34.42,35.29,30.91,118356070
2020-07-28,35.36,36.00,35.28,35.85,31.40,106392570
2020-07-29,35.90,37.85,35.62,37.38,32.74,301158810
2020-07-30,37.70,37.78,36.41,36.66,32.11,103982570
2020-07-31,36.56,37.04,36.04,36.63,32.09,90249550
2020-08-03,36.47,37.69,36.21,37.35,32.72,111369710
2020-08-04,37.45,37.80,36.76,37.22,32.61,111842600
2020-08-05,37.31,39.79,37.31,39.58,34.67,305597410
2020-08-06,38.97,40.28,38.55,40.04,35.99,221228070
2020-08-07,39.59,40.67,39.31,40.40,36.31,151763170
2020-08-10,40.58,41.15,39.96,41.02,36.86,120182110
2020-08-11,41.31,42.76,41.25,41.65,37.43,258851910
2020-08-12,41.37,41.74,40.76,41.45,37.25,115744020
2020-08-13,41.82,42.17,40.88,41.31,37.13,124220440
2020-08-14,41.00,43.10,40.91,41.85,37.61,477423650
2020-08-17,41.80,42.92,41.42,42.51,38.20,181455010
2020-08-18,42.17,43.68,41.97,43.45,39.05,173400200
2020-08-19,43.45,43.56,42.88,43.17,38.80,118436810
2020-08-20,42.50,43.83,42.31,43.26,38.88,158466000
2020-08-21,43.58,44.20,42.65,42.88,38.54,134818760
2020-08-24,43.36,43.78,42.81,42.95,38.60,90928540
2020-08-25,43.20,43.26,42.15,42.40,38.11,105529000
2020-08-26,42.50,42.78,42.22,42.50,38.19,79571570
2020-08-27,42.55,43.02,42.30,42.69,38.36,95491160
2020-08-28,42.97,43.80,42.31,42.42,38.12,152112670
2020-08-31,42.65,43.01,41.00,41.30,37.12,157459100
2020-09-01,41.39,43.27,41.20,42.87,38.52,140728230
2020-09-02,43.01,44.17,42.71,43.87,39.42,117392780
2020-09-03,44.25,44.37,43.59,43.81,39.37,102142880
2020-09-04,42.81,43.40,41.90,42.13,37.86,105290810
2020-09-07,42.37,42.84,41.85,42.25,37.97,96263460
2020-09-08,42.58,42.58,40.26,40.51,36.41,116372720
2020-09-09,39.88,42.01,38.65,41.74,37.51,319997830
2020-09-10,42.40,42.59,40.11,40.80,36.67,229205440
2020-09-11,40.88,41.26,40.25,40.75,36.62,136871250
2020-09-14,41.00,41.41,40.22,40.47,36.37,123310520
2020-09-15,40.70,41.06,40.36,40.53,36.42,91323090
2020-09-16,40.65,41.00,40.27,40.46,36.36,99873490
2020-09-17,40.20,40.75,39.32,39.87,35.83,148080220
2020-09-18,40.21,40.56,39.34,39.55,35.54,168417030
2020-09-21,39.60,39.92,37.10,37.34,33.56,141383050
2020-09-22,37.40,37.85,35.82,37.42,33.62,220130270
2020-09-23,37.70,37.80,35.65,36.13,32.47,169844110
2020-09-24,35.68,35.72,34.28,34.39,30.91,124957470
2020-09-25,34.80,35.56,34.42,35.21,31.64,122425760
2020-09-28,35.99,36.49,35.56,36.10,32.44,122701960
2020-09-29,36.50,37.18,36.17,37.01,33.26,178916090
2020-09-30,37.11,37.15,35.80,35.97,32.33,129636870
2020-10-01,36.43,37.03,36.31,36.49,32.80,95540970
2020-10-05,37.01,38.55,36.95,38.23,34.36,195905330
2020-10-06,38.68,38.72,37.31,37.74,33.92,142863360
2020-10-07,37.60,37.93,37.00,37.11,33.35,96937190
2020-10-08,37.45,38.30,37.17,37.37,33.58,141111310
2020-10-09,37.61,38.70,36.71,36.95,33.21,220065830
2020-10-12,37.35,37.72,36.25,37.11,33.35,157568610
2020-10-13,37.20,37.63,36.67,36.83,33.10,119024640
2020-10-14,37.04,37.72,36.96,37.56,33.75,148921160
2020-10-15,38.10,38.86,37.15,37.39,33.60,316506980
2020-10-16,37.71,39.59,37.52,39.38,35.40,288554790
2020-10-19,39.76,40.00,39.18,39.55,35.54,147289680
2020-10-20,39.20,39.74,38.96,39.24,35.27,109496320
2020-10-21,39.63,40.80,39.44,40.40,36.31,263519520
2020-10-22,40.19,41.36,40.01,40.97,36.82,208883010
2020-10-23,41.30,42.60,41.22,42.35,38.06,285885950
2020-10-26,42.33,42.33,40.42,40.84,36.70,166073190
2020-10-27,40.87,41.69,40.34,41.10,36.94,160621710
2020-10-28,41.15,41.82,40.04,40.23,36.15,169657540
2020-10-29,39.95,40.50,39.53,40.14,36.07,138603960
2020-10-30,40.27,41.29,39.52,41.06,36.90,180209980
2020-11-02,41.00,41.25,39.87,40.29,36.20,131431090
2020-11-03,40.75,41.22,40.45,40.69,36.57,122580340
2020-11-04,40.89,41.51,40.14,40.39,36.30,136143660
2020-11-05,41.20,42.83,40.92,42.55,38.24,265177560
2020-11-06,42.45,43.29,42.26,42.65,38.33,173981930
2020-11-09,43.30,43.99,42.74,43.83,39.39,158308620
2020-11-10,44.00,45.33,43.56,44.19,39.71,262002400
2020-11-11,44.19,47.74,43.96,47.40,42.59,368618330
2020-11-12,47.20,47.99,46.63,47.31,42.52,234936850
2020-11-13,47.08,48.84,46.50,48.65,43.73,234181870
2020-11-14,49.65,49.95,48.70,49.22,44.23,78374000
2020-11-17,50.60,53.10,50.17,52.27,46.98,642845990
2020-11-18,51.80,52.38,51.06,51.72,46.48,174815130
2020-11-19,51.19,53.57,51.00,52.36,47.06,201379980
2020-11-20,52.60,54.17,52.10,53.29,47.89,266860000
2020-11-23,53.80,54.60,53.63,54.31,48.81,170254250
2020-11-24,54.79,55.04,54.14,54.83,49.28,130291260
2020-11-25,55.10,55.87,53.95,54.13,48.64,176809890
2020-11-26,54.60,57.11,54.13,56.84,51.08,225701850
2020-11-27,57.00,58.24,56.31,57.74,51.89,462912480
2020-12-01,59.20,59.20,57.70,58.58,52.65,147391090
2020-12-02,58.57,60.76,58.40,60.44,54.31,249970850
2020-12-03,60.90,62.47,60.80,62.09,55.80,247756520
2020-12-04,62.40,63.25,61.46,62.27,55.96,201535520
2020-12-07,62.36,62.90,60.95,61.46,55.23,155883210
2020-12-08,61.60,62.15,60.24,61.35,55.13,170158530
2020-12-09,61.80,62.07,60.71,60.94,54.76,127307310
2020-12-10,60.60,61.40,59.35,61.01,54.83,198293280
2020-12-11,61.49,62.54,61.42,62.17,55.87,163956980
2020-12-14,62.67,63.89,62.53,62.67,56.33,177227150
2020-12-15,62.35,63.71,61.74,63.54,57.10,132263120
2020-12-16,64.12,64.95,63.82,64.34,57.82,160402560
2020-12-17,64.34,64.60,63.15,63.53,57.09,79651860
2020-12-18,63.83,64.08,62.80,63.13,56.73,253515060
2020-12-21,62.40,62.77,58.56,59.58,53.55,190766540
2020-12-22,59.60,61.04,58.50,60.13,54.04,188468790
2020-12-23,59.90,62.42,59.63,62.14,55.85,122383430
2020-12-24,62.53,63.70,61.92,62.23,55.93,120907400
2020-12-28,62.83,63.54,62.66,63.26,56.86,104805170
2020-12-29,63.79,63.97,62.11,63.22,56.82,104163260
2020-12-30,63.29,64.39,62.40,64.04,57.56,115144280
2020-12-31,63.65,65.35,63.65,64.36,57.85,177130120
2021-01-01,64.50,64.97,64.00,64.31,57.80,84113960
2021-01-04,64.90,69.99,64.64,69.30,62.28,381849550
2021-01-05,68.70,69.39,67.51,68.06,61.16,215452540
2021-01-06,68.40,69.67,67.50,68.38,61.45,196105220
2021-01-07,69.30,73.15,69.17,72.28,64.96,382321940
2021-01-08,72.70,72.72,70.31,71.32,64.09,193293130
2021-01-11,71.20,71.20,68.82,69.57,62.52,170245090
2021-01-12,69.50,72.45,69.11,69.49,62.45,245254840
2021-01-13,70.14,71.46,69.30,70.92,63.73,193538710
2021-01-14,71.00,71.45,69.71,70.64,63.48,115408580
2021-01-15,71.20,72.15,69.76,70.59,63.44,206884370
2021-01-18,70.80,70.88,65.95,66.67,59.92,250452260
2021-01-19,67.20,68.39,64.70,68.11,61.21,312451180
2021-01-20,69.01,69.95,68.26,69.01,62.02,233131500
2021-01-21,69.10,69.47,66.16,66.67,59.92,161178670
2021-01-22,67.00,67.58,63.37,64.70,58.15,237156650
2021-01-25,65.10,66.18,63.10,65.20,58.59,163484730
2021-01-27,65.09,65.11,62.38,62.60,56.26,149180840
2021-01-28,61.80,63.06,61.26,62.37,56.05,170917520
2021-01-29,63.01,63.38,59.60,60.10,54.01,268265750
2021-02-01,60.49,64.00,59.74,63.61,57.17,210846940
2021-02-02,64.30,64.80,62.41,64.17,57.67,180489570
2021-02-03,64.49,66.43,63.72,65.32,58.70,148463810
2021-02-04,65.40,66.35,63.86,65.60,58.95,147649950
2021-02-05,65.69,69.06,65.14,68.50,61.57,291008880
2021-02-08,69.40,70.49,68.27,70.29,63.17,214621690
2021-02-09,70.65,71.64,69.16,69.92,62.84,293370280
2021-02-10,71.00,72.45,68.00,69.03,62.03,573979190
2021-02-11,68.76,70.46,68.29,69.47,62.43,163407050
2021-02-12,69.50,69.79,67.85,68.05,61.16,147054790
2021-02-15,68.71,68.80,67.00,67.21,60.41,131716720
2021-02-16,67.21,70.86,66.83,69.92,62.84,336618380
2021-02-17,69.76,70.35,68.75,69.68,62.62,159574830
2021-02-18,70.00,71.10,69.40,69.78,62.71,148561470
2021-02-19,69.60,69.60,65.60,67.07,60.28,223923860
2021-02-22,67.29,69.79,67.08,68.46,61.52,281491090
2021-02-23,68.96,73.60,68.22,72.93,65.54,389070710
2021-02-24,73.50,74.50,72.00,72.77,65.40,216767890
2021-02-25,73.52,75.30,73.20,74.29,66.76,219015960
2021-02-26,72.50,74.16,71.11,71.51,64.27,235515910
2021-03-01,72.40,73.82,71.14,73.04,65.64,140586460
2021-03-02,73.04,73.97,72.32,73.55,66.10,111133990
2021-03-03,74.10,78.25,74.10,77.71,69.84,288428350
2021-03-04,75.10,76.69,74.36,75.79,68.12,228738220
2021-03-05,74.85,75.60,72.70,73.33,65.90,168819600
2021-03-08,74.39,75.12,73.50,73.72,66.26,106145960
2021-03-09,74.50,75.10,70.22,70.68,63.52,195564380
2021-03-10,71.49,73.00,70.31,72.45,65.11,196858600
2021-03-12,74.00,74.50,71.40,72.00,64.70,161214090
2021-03-15,72.20,73.90,71.50,73.64,66.18,155429990
2021-03-16,74.01,74.01,71.92,72.40,65.07,125699980
2021-03-17,72.50,72.60,70.07,70.44,63.30,105409590
2021-03-18,71.63,72.29,69.83,70.49,63.35,143206510
2021-03-19,70.28,73.68,68.13,73.30,65.87,246378140
2021-03-22,73.11,74.57,72.50,74.35,66.82,137603700
2021-03-23,74.60,74.95,73.33,74.11,66.61,118738960
2021-03-24,73.10,73.30,69.89,70.28,63.16,210302830
2021-03-25,71.01,73.07,68.83,72.32,64.99,367224000
2021-03-26,73.04,77.49,72.52,76.68,68.92,429122470
2021-03-30,78.00,81.00,77.79,80.00,71.90,284794680
2021-03-31,79.40,82.35,79.01,81.18,72.96,280445850
2021-04-01,82.10,86.89,81.90,86.31,77.56,368420980
2021-04-05,86.20,87.79,83.71,86.78,77.98,305759860
2021-04-06,87.55,88.25,85.82,86.29,77.54,207789200
2021-04-07,86.95,88.50,86.46,87.49,78.62,171132080
2021-04-08,88.40,95.36,88.27,91.84,82.54,530630560
2021-04-09,92.10,93.00,88.57,89.95,80.84,321790690
2021-04-12,87.65,89.32,84.33,85.15,76.53,221355040
2021-04-13,86.20,88.16,84.90,87.90,79.00,204285020
2021-04-15,89.20,91.15,87.95,89.82,80.72,218563570
2021-04-16,90.38,91.44,88.63,89.03,80.01,173985980
2021-04-19,86.98,89.90,86.00,88.81,79.81,191469960
2021-04-20,90.00,90.57,88.20,89.40,80.34,169152930
2021-04-22,90.00,93.86,89.71,92.14,82.81,319028150
2021-04-23,92.98,94.50,91.07,92.56,83.18,247523860
2021-04-26,93.50,95.60,93.00,94.07,84.55,212348580
2021-04-27,94.83,98.30,94.43,97.78,87.87,249045150
2021-04-28,98.50,98.60,96.20,97.14,87.30,204479680
2021-04-29,98.30,103.70,98.30,103.14,92.69,447186470
2021-04-30,102.40,105.26,101.11,103.40,92.93,281297380
2021-05-03,103.20,106.90,101.85,106.47,95.69,264841000
2021-05-04,107.45,108.67,105.75,106.39,95.61,249616280
2021-05-05,108.40,108.83,104.70,107.01,96.17,192498390
2021-05-06,105.50,112.90,104.25,110.09,98.94,464345370
2021-05-07,113.50,119.20,113.01,118.24,106.26,540754330
2021-05-10,121.00,122.90,120.00,121.64,109.31,280808840
2021-05-11,119.00,124.60,117.69,123.39,110.89,411083810
2021-05-12,123.20,124.68,116.32,117.92,105.97,308891920
2021-05-14,118.50,118.50,111.52,113.21,101.74,376480320
2021-05-17,113.80,115.82,110.35,115.08,103.43,287534300
2021-05-18,117.50,119.64,115.71,118.00,106.05,245738800
2021-05-19,117.30,118.96,115.80,116.43,104.63,174350260
2021-05-20,113.11,113.55,109.81,110.50,99.31,284462530
2021-05-21,111.40,112.39,110.58,111.31,100.03,141049260
2021-05-24,110.80,110.89,108.21,109.20,98.14,189238420
2021-05-25,110.20,112.60,110.00,110.52,99.32,181137520
2021-05-26,109.05,109.40,107.25,108.21,97.25,154327030
2021-05-27,108.21,110.97,107.50,109.67,98.56,227910320
2021-05-28,113.10,114.36,109.75,110.35,99.17,192085810
2021-05-31,111.20,112.96,109.90,112.57,101.16,154286470
2021-06-01,112.00,112.30,108.55,110.09,98.94,176909250
2021-06-02,110.50,112.98,110.40,112.40,101.02,128625910
2021-06-03,112.96,113.97,111.30,112.20,100.83,121094770
2021-06-04,111.60,112.88,110.70,112.07,100.72,97133470
2021-06-07,113.00,115.00,112.56,112.87,101.44,122185920
2021-06-08,113.27,113.27,110.00,111.11,99.85,108343730
2021-06-09,111.70,112.80,109.39,110.10,98.95,111143380
2021-06-10,110.93,112.58,110.29,111.45,100.16,77767640
2021-06-11,112.78,116.46,111.31,115.83,104.10,174458560
2021-06-14,116.80,117.86,114.00,116.48,104.68,160312640
2021-06-15,117.00,118.68,116.01,117.43,105.53,97681020
2021-06-16,116.90,118.47,113.17,114.21,102.65,175211070
2021-06-17,111.89,113.38,109.57,110.38,101.41,162076870
2021-06-18,110.50,110.99,105.03,109.23,100.36,403470770
2021-06-21,107.00,110.90,106.36,110.61,101.63,130014320
2021-06-22,111.42,113.10,110.65,111.23,102.20,90246340
2021-06-23,112.05,112.75,109.79,110.01,101.08,78063360
2021-06-24,110.50,112.05,109.85,111.32,102.28,72394700
2021-06-25,113.50,117.00,113.00,116.53,107.06,180227700
2021-06-28,117.40,118.90,116.30,118.40,108.79,116603350
2021-06-29,118.45,119.20,116.56,117.25,107.74,78037590
2021-06-30,118.11,119.10,116.28,116.66,107.19,80432670
2021-07-01,117.19,117.68,115.64,116.36,106.91,56149280
2021-07-02,116.60,116.68,113.02,113.60,104.38,75734070
2021-07-05,114.60,116.18,113.60,115.68,106.29,76799000
2021-07-06,115.86,117.80,115.03,116.72,107.25,91468350
2021-07-07,116.79,122.50,115.85,121.86,111.97,167456260
2021-07-08,122.50,123.00,118.12,118.97,109.32,124105850
2021-07-09,119.20,124.41,118.80,123.93,113.87,178593560
2021-07-12,125.10,125.85,121.83,122.70,112.73,166477750
2021-07-13,123.80,124.35,122.31,122.88,112.90,79155280
2021-07-14,123.20,124.77,121.90,124.47,114.36,83413880
2021-07-15,124.61,126.58,123.77,125.60,115.40,96555510
2021-07-16,126.47,128.13,125.90,127.85,117.47,84969250
2021-07-19,125.90,129.09,125.37,126.64,116.36,89046290
2021-07-20,127.20,127.23,122.50,123.33,113.32,85799400
2021-07-22,124.90,127.79,124.80,127.30,116.97,78940240
2021-07-23,127.93,129.55,127.40,128.14,117.74,86418650
2021-07-26,128.90,130.82,127.81,129.79,119.26,86784330
2021-07-27,131.50,133.45,130.80,133.07,122.26,103413820
2021-07-28,133.20,136.99,130.62,136.50,125.42,128351250
2021-07-29,137.50,148.18,136.80,145.86,134.02,300610410
2021-07-30,145.57,147.27,142.78,143.43,131.79,140492650
2021-08-02,144.60,144.70,140.55,141.01,129.56,97689200
2021-08-03,141.40,142.09,139.04,140.72,129.30,86405600
2021-08-04,142.00,144.80,140.51,141.62,130.12,112894350
2021-08-05,141.53,145.00,138.75,144.66,132.92,162217990
2021-08-06,144.90,145.70,142.60,142.88,131.28,96740250
2021-08-09,143.40,144.32,140.54,141.22,129.75,78594930
2021-08-10,141.20,141.80,136.72,137.36,126.21,84516230
2021-08-11,139.00,142.97,138.42,142.62,131.04,145353570
2021-08-12,143.60,144.47,141.65,143.54,131.88,109431080
2021-08-13,140.50,147.66,139.07,146.16,134.30,289698720
2021-08-16,148.40,153.45,147.22,151.94,139.60,271144880
2021-08-17,151.94,153.40,149.18,150.37,138.16,189709230
2021-08-18,150.95,151.89,148.82,150.04,137.86,123317450
2021-08-20,144.51,144.70,136.28,137.56,126.39,273400690
2021-08-23,140.20,140.98,131.07,135.87,124.83,229257290
2021-08-24,138.20,142.00,137.70,140.46,129.06,176075790
2021-08-25,141.80,142.60,138.07,139.02,127.73,125650100
2021-08-26,139.04,139.48,136.50,137.51,126.34,91578980
2021-08-27,137.90,139.45,137.59,138.41,127.18,73940810
2021-08-30,139.90,144.50,139.80,144.06,132.36,134443870
2021-08-31,144.50,145.90,143.20,145.02,133.25,247521080
2021-09-01,145.13,145.55,140.70,141.12,129.66,88128970
2021-09-02,141.10,143.20,141.00,142.51,130.94,61480460
2021-09-03,142.80,145.29,141.65,144.37,132.64,84523820
2021-09-06,144.70,145.20,142.32,143.70,132.03,69586760
2021-09-07,144.40,145.90,142.07,142.87,131.27,63527170
2021-09-08,142.60,144.26,141.86,142.99,131.38,46762240
2021-09-09,142.00,145.20,142.00,144.70,132.95,53130300
2021-09-13,144.70,147.20,143.65,146.35,134.46,56702080
2021-09-14,147.60,147.60,144.90,145.23,133.44,55037670
2021-09-15,145.23,146.37,144.44,145.51,133.70,44174640
2021-09-16,146.00,147.19,143.13,143.68,132.01,56067970
2021-09-17,143.70,144.03,136.00,138.59,127.34,195720300
2021-09-20,135.00,135.19,124.74,125.31,115.14,282384120
2021-09-21,125.80,129.69,123.29,129.22,118.73,255935400
2021-09-22,129.94,131.80,128.31,130.58,119.98,111242470
2021-09-23,133.00,133.95,130.60,131.87,121.16,99462510
2021-09-24,132.00,132.40,125.85,127.21,116.88,132866160
2021-09-27,127.20,128.87,126.11,127.05,116.74,86688770
2021-09-28,127.35,129.68,126.30,128.10,117.70,81007360
2021-09-29,127.00,130.98,126.72,129.55,119.04,94945770
2021-09-30,130.30,131.64,128.38,128.89,118.43,75145680
2021-10-01,127.50,131.10,126.50,129.79,119.25,90374700
2021-10-04,129.79,132.77,128.04,132.41,121.66,96902370
2021-10-05,131.40,133.27,131.01,131.68,120.99,57952160
2021-10-06,131.99,132.86,127.32,127.99,117.60,86316930
2021-10-07,129.50,130.68,128.35,128.92,118.45,46033670
2021-10-08,130.20,134.40,129.63,130.12,119.55,107220150
2021-10-11,130.50,132.74,129.80,131.32,120.66,63496580
2021-10-12,131.32,133.50,130.50,132.91,122.12,60970190
2021-10-13,132.55,137.65,131.80,135.43,124.44,132857180
2021-10-14,137.40,139.06,135.40,137.51,126.34,82273710
2021-10-18,141.80,142.48,139.11,141.10,129.65,109232300
2021-10-19,142.10,142.65,135.76,136.69,125.59,87569240
2021-10-20,137.20,137.60,132.66,134.33,123.42,69757740
2021-10-21,135.67,135.79,128.97,131.47,120.80,83575730
2021-10-22,132.00,132.46,127.10,129.63,119.10,80712890
2021-10-25,130.20,131.60,126.72,129.33,118.83,64185010
2021-10-26,130.30,135.10,130.15,134.37,123.46,77228750
2021-10-27,134.60,135.17,132.13,132.62,121.85,72418040
2021-10-28,131.49,131.60,129.11,129.96,119.41,93076820
2021-10-29,129.02,133.37,129.00,131.60,120.91,79147600
2021-11-01,134.00,137.29,133.00,136.49,125.41,96875330
2021-11-02,137.00,137.00,131.08,131.37,120.70,72161370
2021-11-03,132.48,133.20,131.20,132.60,121.84,57302440
2021-11-04,133.10,133.50,132.41,132.59,121.83,6744340
2021-11-08,134.09,134.76,130.61,134.32,123.42,54936670
2021-11-09,134.29,136.03,132.88,133.60,122.75,47565160
2021-11-10,132.80,132.90,128.71,129.85,119.31,118804170
2021-11-11,130.49,132.45,128.84,129.96,119.41,136638600
2021-11-12,134.00,134.00,127.11,128.73,118.27,232395580
2021-11-15,129.50,129.90,124.15,124.54,114.43,121082150
2021-11-16,124.54,126.11,122.37,122.88,112.90,123148800
2021-11-17,122.50,123.74,121.51,122.00,112.10,87802040
2021-11-18,122.36,122.83,118.20,118.66,109.03,101083510
2021-11-22,118.81,119.68,114.60,116.50,107.05,96210010
2021-11-23,116.81,120.90,116.51,119.21,109.53,93829630
2021-11-24,120.04,120.29,117.11,117.85,108.28,67671010
2021-11-25,118.00,118.66,116.60,117.36,107.84,47502860
2021-11-26,115.79,115.95,110.63,111.23,102.20,106455260
2021-11-29,111.23,113.70,107.50,111.47,102.42,93929910
2021-11-30,111.10,112.79,106.30,107.12,98.42,133559840
2021-12-01,109.20,109.70,106.65,108.25,99.47,93791140
2021-12-02,108.30,111.60,107.40,111.24,102.21,91286810
2021-12-03,111.50,113.42,110.22,111.80,102.72,100737840
2021-12-06,111.40,114.10,110.22,110.88,101.88,82159400
2021-12-07,112.11,115.56,112.10,114.88,105.55,85053900
2021-12-08,115.90,117.70,114.90,117.30,107.78,74485010
2021-12-09,118.20,118.20,115.90,117.68,108.13,52123940
2021-12-10,117.35,118.89,116.76,118.00,108.42,48121300
2021-12-13,118.80,119.90,116.17,116.53,107.07,53537780
2021-12-14,115.89,117.79,114.70,116.72,107.24,53522640
2021-12-15,117.00,117.56,114.90,115.40,106.04,44308330
2021-12-16,116.40,116.88,114.36,115.32,105.96,42460080
2021-12-17,115.40,115.89,112.50,113.21,104.02,47435020
2021-12-20,111.70,111.72,106.61,107.29,98.58,73526500
2021-12-21,109.00,112.43,108.50,110.51,101.54,70268490
2021-12-22,111.50,113.10,111.00,112.89,103.72,43669170
2021-12-23,113.80,114.68,112.02,112.76,103.61,46214780
2021-12-24,113.00,113.35,110.39,111.54,102.49,40936300
2021-12-27,111.11,112.47,110.24,112.18,103.07,27588510
2021-12-28,112.70,113.15,112.20,112.75,103.59,28807810
2021-12-29,112.00,112.67,110.80,111.63,102.56,41935200
2021-12-30,111.79,112.70,109.90,110.10,101.16,41140930
2021-12-31,110.50,112.35,110.26,111.14,102.12,36870210
2022-01-03,111.50,115.10,111.50,114.25,104.97,38658030
2022-01-04,115.30,115.97,113.65,114.88,105.55,59757310
2022-01-05,114.70,118.08,114.13,117.76,108.20,61861760
2022-01-06,117.20,118.30,115.56,116.32,106.88,53354000
2022-01-07,116.52,117.40,114.79,116.04,106.61,39738570
2022-01-10,116.50,117.34,115.39,116.90,107.41,38225000
2022-01-11,115.86,116.27,111.30,113.03,103.85,96978850
2022-01-12,113.99,115.08,113.24,114.72,105.41,50358430
2022-01-13,115.40,122.55,115.21,122.11,112.20,157231160
2022-01-14,121.30,122.63,120.61,121.36,111.51,52679070
2022-01-17,121.50,124.50,119.04,122.97,112.99,89696070
2022-01-18,123.00,123.38,119.00,119.49,109.78,58408970
2022-01-19,119.60,122.09,118.30,120.96,111.14,73043210
2022-01-20,121.01,122.40,119.70,120.67,110.87,59205970
2022-01-21,120.00,120.43,115.64,116.97,107.47,71662670
2022-01-24,116.00,116.36,109.00,109.92,101.00,83920760
2022-01-25,109.47,112.10,108.71,110.91,101.91,57330630
2022-01-27,109.00,110.35,106.13,108.83,100.00,90566560
2022-01-28,110.58,112.57,108.10,108.46,99.66,78648930
2022-01-31,110.99,111.46,108.05,108.56,99.74,55709390
2022-02-01,110.49,117.45,108.64,116.74,107.26,170752680
2022-02-02,117.99,117.99,115.83,116.75,107.27,75247340
2022-02-03,115.30,118.17,114.63,116.66,107.19,65140900
2022-02-04,117.38,119.78,117.03,117.63,108.08,93174180
2022-02-07,116.83,121.46,116.10,118.30,108.70,145105250
2022-02-08,119.50,122.24,117.15,121.96,112.06,140839840
2022-02-09,123.10,123.40,120.82,122.24,112.31,73520600
2022-02-10,123.00,125.43,122.60,124.83,114.70,93920570
2022-02-11,123.90,126.50,123.31,125.45,115.26,96762260
2022-02-14,122.01,122.78,118.01,118.68,109.05,80216130
2022-02-15,119.68,121.20,115.15,120.78,110.97,101889210
2022-02-16,121.50,121.79,118.65,119.18,109.50,66092140
2022-02-17,120.11,120.95,118.61,119.10,109.43,56557920
2022-02-18,118.70,120.50,118.30,119.08,109.41,47251200
2022-02-21,118.80,120.20,117.44,118.18,108.59,49787320
2022-02-22,115.80,116.67,111.93,113.87,104.63,93858570
2022-02-23,114.80,115.26,113.40,113.90,104.65,49608380
2022-02-24,109.40,112.00,106.71,107.40,98.68,121268670
2022-02-25,109.77,115.07,109.56,114.54,105.24,92128860
2022-02-28,113.40,122.50,112.92,122.07,112.16,176054460
2022-03-02,122.07,129.96,121.86,128.93,118.47,248475320
2022-03-03,130.60,132.87,129.37,130.33,119.75,174503380
2022-03-04,130.24,131.99,127.30,127.71,117.34,162829230
2022-03-07,127.59,130.18,126.40,129.19,118.70,110400010
2022-03-08,129.30,129.40,124.40,126.95,116.64,91078220
2022-03-09,127.39,127.68,124.86,125.54,115.34,69348880
2022-03-10,125.79,131.38,124.10,130.87,120.25,136740620
2022-03-11,131.50,133.99,129.62,130.17,119.60,118822990
2022-03-14,130.50,131.17,127.77,129.70,119.17,52780820
2022-03-15,129.18,129.30,122.80,123.38,113.36,96143130
2022-03-16,124.50,127.12,124.02,126.53,116.25,63024510
2022-03-17,127.50,131.78,127.11,130.35,119.76,106239760
2022-03-21,130.80,133.40,129.45,130.29,119.72,84227630
2022-03-22,132.00,133.00,128.80,130.20,119.63,81795880
2022-03-23,132.40,134.78,129.24,133.10,122.29,130552380
2022-03-24,133.10,135.95,132.60,135.05,124.09,94605270
2022-03-25,135.49,136.60,133.35,133.90,123.02,69457440
2022-03-28,134.00,135.50,132.76,133.90,123.02,46554910
2022-03-29,134.40,134.62,132.70,133.46,122.63,43202370
2022-03-30,133.50,133.55,130.00,130.80,120.19,58483160
2022-03-31,130.80,132.04,130.01,130.72,120.11,40067950
2022-04-01,131.00,134.09,130.54,131.71,121.02,55321590
2022-04-04,131.71,135.40,131.45,134.19,123.30,69670320
2022-04-05,134.85,135.80,132.93,134.49,123.57,63296420
2022-04-06,135.00,138.67,134.68,137.07,125.95,114097540
2022-04-07,137.70,138.10,134.10,134.95,123.99,55650640
2022-04-08,136.10,137.99,135.63,137.07,125.95,52287710
2022-04-11,137.07,138.40,135.30,135.79,124.77,44778820
2022-04-12,135.30,135.99,129.61,132.02,121.31,69191680
2022-04-13,133.49,134.60,131.50,131.95,121.24,44937800
2022-04-18,133.19,135.80,132.88,133.91,123.04,80700420
2022-04-19,135.26,136.66,130.90,132.66,121.89,64772190
2022-04-20,132.97,133.65,130.30,131.43,120.76,54100210
2022-04-21,131.60,132.27,128.59,130.21,119.64,66690280
2022-04-22,130.16,131.15,127.38,127.75,117.38,55848230
2022-04-25,125.00,126.29,121.28,122.04,112.13,72310460
2022-04-26,123.50,124.17,122.50,123.36,113.34,44812710
2022-04-27,122.70,125.50,121.04,124.67,114.55,71209740
2022-04-28,125.95,126.86,124.30,126.08,115.85,51295830
2022-04-29,126.80,129.17,126.57,127.11,116.79,57173520
2022-05-02,125.70,130.27,124.88,129.52,119.00,54426170
2022-05-04,132.73,133.00,125.45,126.14,115.89,138374020
2022-05-05,128.00,131.65,127.80,128.43,118.00,87338160
2022-05-06,126.80,129.00,124.30,128.37,117.95,69256760
2022-05-09,126.00,127.42,124.40,125.22,115.06,50552970
2022-05-10,125.10,125.46,115.86,116.49,107.03,145537420
2022-05-11,117.50,119.09,112.34,116.57,107.11,107063150
2022-05-12,115.69,116.24,110.30,111.77,102.70,94191610
2022-05-13,113.50,115.18,109.20,109.70,100.79,82924410
2022-05-16,111.90,113.48,109.40,110.35,101.39,62665270
2022-05-17,112.40,119.72,111.54,118.87,109.22,112876010
2022-05-18,119.70,120.90,117.50,118.03,108.44,81575800
2022-05-19,115.10,115.49,111.52,112.21,103.10,66545630
2022-05-20,116.24,117.84,114.12,117.06,107.56,65527500
2022-05-23,109.70,109.70,100.15,102.29,93.99,273883460
2022-05-24,103.10,103.99,100.20,100.64,92.46,123116660
2022-05-25,100.64,101.83,99.18,99.91,91.80,99343400
2022-05-26,100.70,106.75,99.53,105.20,96.66,150536730
2022-05-27,106.25,106.76,103.20,104.35,95.88,74772200
2022-05-30,105.90,106.38,104.35,104.75,96.24,72701590
2022-05-31,104.50,107.19,103.70,105.57,96.99,121248850
2022-06-01,106.55,107.90,105.33,106.36,97.72,94055290
2022-06-02,106.78,108.47,105.91,108.15,99.37,79177040
2022-06-03,109.20,109.28,106.50,106.73,98.07,53954860
2022-06-06,106.50,108.29,104.92,107.81,99.06,57262490
2022-06-07,106.70,108.15,106.36,106.85,98.18,43341570
2022-06-08,108.10,108.89,107.40,108.68,99.85,64734340
2022-06-09,107.50,108.72,104.12,104.49,96.00,98547810
2022-06-10,103.00,103.14,101.07,102.37,94.06,95225630
2022-06-13,100.43,101.20,99.00,99.20,91.14,82235750
2022-06-14,98.82,101.37,98.56,99.61,91.53,77202600
2022-06-15,95.39,97.43,95.07,95.96,92.92,92443330
2022-06-16,97.50,97.50,89.82,90.17,87.32,122741050
2022-06-17,89.80,92.74,89.55,90.67,87.80,121290260
2022-06-20,90.50,90.50,84.26,86.14,83.42,139866890
2022-06-21,87.50,89.55,86.40,88.48,85.68,124526970
2022-06-22,87.29,87.39,83.57,83.81,81.16,109877390
2022-06-23,84.00,85.60,82.70,84.13,81.47,111515840
2022-06-24,85.00,86.47,84.46,85.29,82.59,85433810
2022-06-27,87.05,87.89,86.31,86.79,84.04,72814730
2022-06-28,86.60,88.44,86.04,87.89,85.11,84647330
2022-06-29,87.00,88.88,86.85,88.16,85.37,72318470
2022-06-30,88.15,89.45,86.33,86.71,83.96,84672090
2022-07-01,86.70,87.50,85.91,87.29,84.53,54761890
2022-07-04,86.85,87.12,84.33,85.46,82.75,77554410
2022-07-05,86.20,87.92,85.78,86.01,83.30,79058290
2022-07-06,85.85,86.11,83.81,85.82,83.10,81439710
2022-07-07,86.70,90.65,85.85,90.00,87.16,111007940
2022-07-08,91.79,91.79,88.05,88.59,85.79,112000630
2022-07-11,88.52,92.90,87.50,91.28,88.39,150193340
2022-07-12,90.49,91.60,89.36,90.21,87.36,100175050
2022-07-13,90.60,91.42,90.07,90.49,87.63,70135110
2022-07-14,91.00,91.10,89.50,90.80,87.93,74498580
2022-07-15,90.50,91.03,87.75,88.38,85.59,81253510
2022-07-18,89.70,90.80,89.22,90.43,87.57,73060810
2022-07-19,90.10,92.19,90.10,91.95,89.04,85341580
2022-07-20,93.60,93.80,92.52,92.85,89.91,77088650
2022-07-21,93.00,93.89,92.45,93.43,90.48,50877140
2022-07-22,94.25,94.40,93.20,93.61,90.65,48608940
2022-07-25,93.50,96.49,93.36,96.07,93.03,99635630
2022-07-26,97.20,97.67,94.61,94.95,91.95,126264690
2022-07-27,95.10,96.15,94.36,95.94,92.91,52559020
2022-07-28,98.10,102.00,97.15,100.35,97.18,137156107
2022-07-29,103.00,109.30,102.15,107.60,104.20,166959934
2022-08-01,110.50,111.45,106.15,108.25,104.83,125365761
2022-08-02,108.00,108.00,105.35,107.00,103.62,64935371
2022-08-03,107.00,108.45,106.00,107.05,103.67,61428846
2022-08-04,107.50,109.50,106.05,107.70,104.30,79526154
2022-08-05,107.65,109.25,107.10,107.35,103.96,54469112
2022-08-08,107.85,108.15,106.70,107.20,103.81,41384943
2022-08-10,107.90,109.90,106.50,109.20,105.75,73880698
2022-08-11,110.30,110.65,108.60,109.10,105.65,75321498
2022-08-12,109.35,112.90,108.80,112.65,109.09,95942333
2022-08-16,113.70,113.70,111.10,113.00,109.43,69207437
2022-08-17,113.50,113.50,112.25,112.50,108.94,54008422
2022-08-18,112.50,113.00,111.40,112.55,108.99,49396425
2022-08-19,112.55,112.90,109.55,110.05,106.57,57134813
2022-08-22,109.50,109.60,104.70,105.05,101.73,74037526
2022-08-23,104.20,108.25,103.50,107.60,104.20,70531639
2022-08-24,107.55,108.15,105.75,106.55,103.18,55686404
2022-08-25,107.05,107.90,105.75,106.25,102.89,42186335
2022-08-26,107.25,109.20,107.10,107.35,103.96,71257092
2022-08-29,104.05,105.65,103.25,104.85,101.54,59895805
2022-08-30,106.50,108.50,106.05,108.30,104.88,67401780
2022-09-01,107.00,107.75,105.90,106.40,103.04,52454732
2022-09-02,107.00,107.00,105.00,105.50,102.17,45601352
2022-09-05,106.05,107.30,105.80,106.90,103.52,40352735
2022-09-06,107.40,108.80,106.05,108.60,105.17,59505849
2022-09-07,107.55,108.90,107.10,107.60,104.20,43945660
2022-09-08,108.40,108.40,105.35,105.85,102.50,71228405
2022-09-09,107.00,107.35,105.50,105.70,102.36,63647166
2022-09-12,106.80,107.95,106.50,107.75,104.34,40838533
2022-09-13,108.00,108.70,107.55,107.75,104.34,44179394
2022-09-14,106.30,110.40,105.80,109.15,105.70,86379872
2022-09-15,108.65,109.00,106.50,107.00,103.62,62926791
2022-09-16,106.20,107.50,105.00,105.70,102.36,107967267
2022-09-19,106.20,106.20,103.00,103.10,99.84,51146568
2022-09-20,104.20,106.35,104.00,105.80,102.46,52140254
2022-09-21,105.80,107.20,104.30,104.45,101.15,46142823
2022-09-22,104.45,105.30,103.50,103.60,100.33,61380323
2022-09-23,106.20,107.90,103.75,104.30,101.00,109765520
2022-09-26,104.40,104.45,98.50,99.85,96.69,101291962
2022-09-27,101.35,101.35,96.50,97.65,94.56,104949032
2022-09-28,96.55,97.85,95.00,95.20,92.19,71724106
2022-09-29,97.00,98.25,96.40,96.85,93.79,60884592
2022-09-30,96.85,100.40,95.70,99.30,96.16,66436616
2022-10-03,99.60,99.65,98.00,98.35,95.24,37282313
2022-10-04,100.30,101.50,100.00,101.15,97.95,40186702
2022-10-06,102.00,103.80,101.75,103.55,100.28,48169310
2022-10-07,103.30,103.50,101.90,103.30,100.04,36080875
2022-10-10,102.00,103.50,101.15,103.20,99.94,36641275
2022-10-11,103.55,103.65,99.80,100.35,97.18,41083734
2022-10-12,100.35,101.20,99.00,100.55,97.37,41357469
2022-10-13,101.10,101.80,98.80,100.10,96.94,34668093
2022-10-14,101.85,102.80,99.90,100.10,96.94,32456805
2022-10-17,99.75,100.40,98.10,99.55,96.40,37568783
2022-10-18,100.30,101.00,99.80,100.65,97.47,30722156
2022-10-19,100.60,101.25,99.70,100.05,96.89,38764542
2022-10-20,99.50,101.20,98.80,100.90,97.71,38091315
2022-10-21,100.85,101.45,99.35,100.20,97.03,30973997
2022-10-24,102.00,102.10,101.00,101.20,98.00,7480281
2022-10-25,101.15,102.50,100.70,101.20,98.00,37163180
2022-10-27,102.25,104.65,102.05,104.20,100.91,74349009
2022-10-28,104.10,104.60,100.80,101.60,98.39,51006232
2022-10-31,101.90,102.15,100.30,101.55,98.34,38715841
2022-11-01,98.55,101.45,98.55,101.20,98.00,69031178
2022-11-02,101.00,103.00,100.80,101.25,98.05,42336049
2022-11-03,100.75,102.45,100.00,102.00,98.78,39110676
2022-11-04,102.50,105.00,102.20,104.75,101.44,70299020
2022-11-07,105.90,107.45,104.60,106.70,103.33,74426059
2022-11-09,107.25,107.55,105.55,106.10,102.75,38295904
2022-11-10,105.20,106.00,104.45,104.70,101.39,27864285
2022-11-11,106.25,108.20,106.25,107.55,104.15,77933417
2022-11-14,108.50,110.00,108.25,108.70,105.26,55474425
2022-11-15,109.00,109.35,107.20,108.55,105.12,35007427
2022-11-16,108.45,108.80,105.20,106.55,103.18,40404167
2022-11-17,105.90,106.80,104.50,105.85,102.50,32894825
2022-11-18,105.85,106.30,104.70,105.50,102.17,28992538
2022-11-21,107.70,107.70,103.85,104.25,100.96,58404309
2022-11-22,104.40,105.40,103.55,105.20,101.87,27846186
2022-11-23,105.70,106.00,104.95,105.45,102.12,22809651
2022-11-24,105.85,105.95,104.60,105.50,102.17,23737867
2022-11-25,105.60,106.50,105.10,106.20,102.84,27361785
2022-11-28,106.00,106.40,104.50,104.90,101.58,33516118
2022-11-29,105.00,107.65,104.95,106.10,102.75,40661568
2022-11-30,106.10,107.95,105.90,107.65,104.25,61142050
2022-12-01,108.70,111.30,108.00,110.75,107.25,91702642
2022-12-02,110.80,112.50,110.15,112.00,108.46,70541914
2022-12-05,113.30,116.10,112.65,115.85,112.19,96441799
2022-12-06,115.35,115.35,112.25,112.95,109.38,50581245
2022-12-07,113.40,113.50,110.85,111.20,107.69,39494279
2022-12-08,111.75,113.00,110.80,111.85,108.31,32416724
2022-12-09,112.80,113.75,109.70,110.45,106.96,35665257
2022-12-12,110.20,112.10,108.70,111.70,108.17,37082389
2022-12-13,112.55,112.85,110.80,111.20,107.69,32264080
2022-12-14,111.60,113.20,111.10,113.05,109.48,38606984
2022-12-15,112.65,113.45,110.70,110.95,107.44,34361613
2022-12-16,110.35,112.10,109.45,111.05,107.54,34736665
2022-12-19,111.05,112.10,110.80,111.80,108.27,17297590
2022-12-20,111.15,111.50,109.00,110.95,107.44,34836506
2022-12-21,111.80,112.00,108.70,109.40,105.94,32303565
2022-12-22,110.00,110.60,106.35,107.65,104.25,39639329
2022-12-23,106.00,106.75,101.95,102.25,99.02,46756489
2022-12-26,102.80,105.55,101.65,105.00,101.68,33995681
2022-12-27,106.65,111.55,105.85,111.15,107.64,76033410
2022-12-28,111.05,112.30,109.70,110.00,106.52,50660601
2022-12-29,109.00,112.00,108.85,111.75,108.22,51751642
2022-12-30,112.90,114.75,112.10,112.65,109.09,56048485
2023-01-02,114.40,119.70,113.75,119.25,115.48,143444095
2023-01-03,119.80,120.50,117.75,118.45,114.71,74419090
2023-01-04,118.75,119.05,115.35,115.75,112.09,55634568
2023-01-05,116.50,117.00,114.50,116.55,112.87,58806907
2023-01-06,117.00,117.85,115.25,115.65,111.99,58551863
2023-01-09,116.90,118.10,116.55,117.55,113.83,37763131
2023-01-10,117.65,119.75,117.55,118.85,115.09,56750710
2023-01-11,119.45,120.35,118.00,118.85,115.09,49321252
2023-01-12,118.95,119.25,117.60,118.10,114.37,33740024
2023-01-13,118.55,121.60,118.15,120.45,116.64,68884010
2023-01-16,121.45,121.45,118.80,119.95,116.16,44362359
2023-01-17,119.75,119.90,118.00,119.35,115.58,27880531
2023-01-18,120.00,123.00,120.00,122.45,118.58,64749065
2023-01-19,121.80,124.30,121.15,123.55,119.64,53564076
2023-01-20,123.40,124.20,122.00,122.95,119.06,37784498
2023-01-23,123.40,123.85,121.50,122.00,118.14,28601260
2023-01-24,122.50,122.55,120.10,120.40,116.59,27707765
2023-01-25,120.35,122.25,120.10,121.00,117.18,46522102
2023-01-27,121.90,123.25,119.10,120.65,116.84,58771746
2023-01-30,120.45,121.10,116.90,118.75,115.00,46551837
2023-01-31,118.75,120.45,117.75,119.70,115.92,43986769
2023-02-01,120.10,124.15,119.30,122.05,118.19,72919626
2023-02-02,121.95,122.50,118.40,119.95,116.16,38768010
2023-02-03,120.05,121.00,117.20,120.35,116.55,46977350
2023-02-06,120.00,120.00,117.00,117.45,113.74,49546361
2023-02-07,112.60,115.35,110.55,111.45,107.93,110953246
2023-02-08,111.45,112.75,110.10,111.45,107.93,66523699
2023-02-09,112.15,112.95,109.95,111.25,107.73,64710455
2023-02-10,111.00,111.25,108.30,108.80,105.36,60810058
2023-02-13,108.80,110.60,108.40,108.75,105.31,56186469
2023-02-14,109.55,109.90,108.25,109.25,105.80,31163587
2023-02-15,109.00,110.60,108.80,110.30,106.81,35544190
2023-02-16,111.00,112.20,110.65,112.00,108.46,30956191
2023-02-17,111.55,113.10,111.30,112.25,108.70,34107244
2023-02-20,112.30,112.70,111.05,112.35,108.80,19896764
2023-02-21,112.90,114.20,112.75,113.15,109.57,29830864
2023-02-22,113.25,113.70,110.65,111.15,107.64,24391211
2023-02-23,111.55,113.65,111.35,112.05,108.51,30845778
2023-02-24,112.50,112.90,109.55,109.75,106.28,34326940
2023-02-27,109.80,110.05,105.15,106.10,102.75,56217189
2023-02-28,106.85,107.05,103.55,103.95,100.66,76540448
2023-03-01,104.70,107.10,104.50,105.50,102.17,76175319
2023-03-02,106.05,106.90,104.35,104.65,101.34,55276248
2023-03-03,106.00,107.45,105.00,107.00,103.62,117175295
2023-03-06,107.50,107.60,105.00,105.65,102.31,106868143
2023-03-08,105.30,106.90,104.00,106.50,103.13,43939583
2023-03-09,107.85,108.95,107.50,108.20,104.78,51967449
2023-03-10,107.00,108.35,106.60,108.10,104.68,47699832
2023-03-13,108.25,109.00,106.35,106.80,103.42,34552596
2023-03-14,107.00,108.55,106.20,106.40,103.04,48584984
2023-03-15,107.50,109.15,107.40,108.65,105.22,38930902
2023-03-16,107.25,107.25,103.70,105.05,101.73,81088340
2023-03-17,106.45,107.35,105.00,107.00,103.62,48962238
2023-03-20,106.10,106.45,103.85,104.50,101.20,41569640
2023-03-21,105.10,105.40,104.30,104.75,101.44,26434897
2023-03-22,104.75,105.95,104.40,104.80,101.49,25891259
2023-03-23,104.40,105.50,104.35,104.90,101.58,20913844
2023-03-24,105.00,105.05,101.55,102.10,98.87,39014278
2023-03-27,102.55,103.40,102.10,102.30,99.07,24753289
2023-03-28,102.85,103.10,102.35,102.50,99.26,18703734
2023-03-29,102.50,104.50,101.65,103.60,100.33,37221124
2023-03-31,105.00,105.50,104.10,104.50,101.20,34579415
2023-04-03,105.10,105.25,103.80,104.10,100.81,21840428
2023-04-05,104.10,105.00,103.20,104.85,101.54,25194802
2023-04-06,104.85,105.10,104.20,104.35,101.05,21053782
2023-04-10,104.50,105.75,104.50,104.95,101.63,19992257
2023-04-11,105.55,107.85,105.10,107.55,104.15,49304956
2023-04-12,108.20,108.40,106.95,107.60,104.20,27349538
2023-04-13,107.50,108.15,105.90,107.50,104.10,34880922
2023-04-17,107.60,108.30,106.75,107.15,103.76,24642162
2023-04-18,107.20,107.90,106.85,107.60,104.20,25476339
2023-04-19,107.85,110.40,107.75,108.10,104.68,62100775
2023-04-20,108.20,108.70,107.40,108.00,104.59,18337948
2023-04-21,108.00,108.10,105.35,106.15,102.79,37638506
2023-04-24,106.40,106.70,105.35,106.50,103.13,23475012
2023-04-25,106.70,107.60,106.25,107.05,103.67,23333425
2023-04-26,106.50,107.05,105.85,106.85,103.47,23590297
2023-04-27,106.30,107.85,106.30,107.65,104.25,22364308
2023-04-28,107.80,108.50,107.30,107.95,104.54,30072920
2023-05-02,108.00,110.85,108.00,110.30,106.81,52822162
2023-05-03,109.80,111.00,108.75,109.70,106.23,51272624
2023-05-04,110.00,111.90,109.50,111.05,107.54,38636907
2023-05-05,110.85,110.85,108.40,108.65,105.22,32958346
2023-05-08,109.25,109.85,108.25,109.55,106.09,23130472
2023-05-09,109.60,111.20,109.15,109.55,106.09,27999202
2023-05-10,109.60,110.00,108.60,109.25,105.80,19213215
2023-05-11,109.20,109.50,108.25,108.55,105.12,19817637
2023-05-12,108.35,108.40,106.55,106.75,103.38,36794838
2023-05-15,107.05,108.20,105.65,107.70,104.30,22148028
2023-05-16,108.20,108.65,107.20,107.40,104.01,18587658
2023-05-17,107.40,107.50,105.55,106.00,102.65,28895465
2023-05-18,106.50,107.15,105.10,105.20,101.87,24208481
2023-05-19,105.60,105.70,104.05,104.65,101.34,29848841
2023-05-22,105.00,105.25,104.30,105.00,101.68,21588716
2023-05-23,105.10,106.05,105.00,105.60,102.26,21304034
2023-05-24,105.10,105.80,104.90,105.20,101.87,28454367
2023-05-25,105.00,105.20,104.30,104.85,101.54,25885062
2023-05-26,105.00,106.75,104.95,106.40,103.04,28362042
2023-05-29,107.00,108.85,106.30,108.45,105.02,41062311
2023-05-30,108.95,108.95,106.90,107.05,103.67,33475211
2023-05-31,106.40,106.95,105.60,105.80,102.46,41249944
2023-06-01,105.90,106.70,105.80,105.95,102.60,21211538
2023-06-02,106.50,108.30,106.50,108.00,104.59,46686933
2023-06-05,108.65,109.90,107.80,109.40,105.94,39642539
2023-06-06,109.75,109.85,108.30,109.00,105.55,26751372
2023-06-07,109.50,111.75,108.90,111.50,107.98,45157197
2023-06-08,111.50,113.00,110.95,111.15,107.64,46380294
2023-06-09,111.25,111.65,108.65,108.90,105.46,36392617
2023-06-12,109.15,110.60,109.15,109.50,106.04,23472313
2023-06-13,110.00,111.85,109.65,111.15,107.64,30018212
2023-06-14,111.50,114.00,111.40,113.80,110.20,66696433
2023-06-15,113.90,114.20,113.25,113.75,110.15,39430138
2023-06-16,114.40,114.80,113.85,114.25,110.64,31715807
2023-06-19,115.45,115.60,113.05,114.10,110.49,33502185
2023-06-20,114.10,115.25,113.50,114.25,110.64,30371599
2023-06-21,114.90,114.90,112.85,113.90,110.30,35627983
2023-06-22,110.60,112.20,110.55,111.10,111.10,34769987
2023-06-23,110.50,110.75,109.20,109.60,109.60,22190233
2023-06-26,109.60,110.20,108.10,109.85,109.85,25332751
2023-06-27,110.60,111.50,110.15,110.75,110.75,24129403
2023-06-28,111.50,112.05,110.90,111.55,111.55,23895274
2023-06-30,111.60,112.20,110.40,112.00,112.00,26741918
2023-07-03,112.25,114.25,112.05,113.10,113.10,30979256
2023-07-04,113.20,113.40,112.10,112.40,112.40,25080307
2023-07-05,112.55,113.55,112.20,112.95,112.95,27877180
2023-07-06,112.00,112.85,111.50,112.65,112.65,34320086
2023-07-07,112.00,113.30,111.25,111.60,111.60,30034274
2023-07-10,112.25,115.70,111.65,115.30,115.30,60652690
2023-07-11,115.60,116.10,114.80,115.15,115.15,37999385
2023-07-12,115.15,116.05,114.00,114.70,114.70,32771204
2023-07-13,116.00,116.95,114.50,114.85,114.85,44847814
2023-07-14,115.70,117.90,114.80,117.15,117.15,34521821
2023-07-17,117.95,119.35,117.10,117.75,117.75,49115369
2023-07-18,118.00,118.15,116.40,116.60,116.60,23433431
2023-07-19,116.70,117.20,116.10,116.70,116.70,17222355
2023-07-20,116.70,117.25,116.35,116.95,116.95,22303831
2023-07-21,116.60,117.95,115.50,116.60,116.60,31546136
2023-07-24,116.50,116.50,114.35,115.50,115.50,38113555
2023-07-25,115.00,119.90,114.35,119.25,119.25,88035259
2023-07-26,119.80,120.60,118.85,119.95,119.95,29716336
2023-07-27,120.25,121.45,119.15,119.80,119.80,39664251
2023-07-28,120.20,121.10,118.70,120.60,120.60,33996691
2023-07-31,120.60,123.85,120.60,123.15,123.15,52330311
2023-08-01,123.55,124.15,122.55,123.20,123.20,27863562
2023-08-02,122.90,122.90,118.25,118.95,118.95,54951586
2023-08-03,118.70,119.65,117.50,118.20,118.20,34624188
2023-08-04,119.40,119.75,118.00,119.00,119.00,22303966
2023-08-07,119.60,119.60,118.00,118.85,118.85,20711952
2023-08-08,119.00,119.50,117.95,118.15,118.15,21275054
2023-08-09,118.35,120.50,116.90,120.20,120.20,34154214
2023-08-10,120.00,120.65,119.25,120.00,120.00,24439101
2023-08-11,120.30,121.40,119.15,120.30,120.30,26337436
2023-08-14,120.30,120.40,117.35,118.15,118.15,33095516
2023-08-16,117.95,117.95,115.40,115.95,115.95,31252473
2023-08-17,115.90,116.80,114.70,116.05,116.05,28461865
2023-08-18,116.30,116.40,114.75,115.80,115.80,30381609
2023-08-21,116.75,117.10,115.85,116.90,116.90,22629651
2023-08-22,117.15,117.75,116.50,117.55,117.55,17343131
2023-08-23,117.85,119.25,117.65,118.95,118.95,43744909
2023-08-24,119.50,120.10,118.05,118.25,118.25,27103446
2023-08-25,118.00,118.15,116.70,116.90,116.90,23692527
2023-08-28,117.00,118.25,117.00,117.60,117.60,19218821
2023-08-29,118.50,120.15,117.75,119.55,119.55,36038317
2023-08-30,120.50,122.70,120.25,122.10,122.10,51467177
2023-08-31,122.85,123.60,122.15,122.90,122.90,60626985
2023-09-01,123.50,128.70,123.40,127.05,127.05,76460408
2023-09-04,129.20,132.90,128.85,131.75,131.75,68525900
2023-09-05,131.75,132.45,128.85,131.70,131.70,36466807
2023-09-06,132.40,132.40,128.20,129.60,129.60,36058850
2023-09-07,129.50,130.80,128.60,130.15,130.15,30268235
2023-09-08,131.40,131.65,129.20,129.50,129.50,34313523
2023-09-11,129.50,131.85,129.20,131.15,131.15,33377857
2023-09-12,132.80,133.15,128.65,129.00,129.00,38065283
2023-09-13,129.60,130.50,127.70,129.55,129.55,23371459
2023-09-14,131.00,134.20,130.80,131.70,131.70,58800620
2023-09-15,132.60,133.30,129.85,131.95,131.95,85058495
2023-09-18,135.00,135.00,130.05,130.45,130.45,62420823
2023-09-20,130.45,131.80,128.00,128.30,128.30,43627379
2023-09-21,128.30,129.25,127.20,127.80,127.80,29826091
2023-09-22,127.15,128.70,125.50,126.75,126.75,34059194
2023-09-25,127.30,128.30,126.10,127.40,127.40,23466981
2023-09-26,129.00,130.55,128.40,128.90,128.90,48936598
2023-09-27,128.75,128.75,126.70,128.15,128.15,33277329
2023-09-28,128.35,129.30,126.30,126.80,126.80,29982233
2023-09-29,128.20,129.55,127.55,128.90,128.90,28406435
2023-10-03,129.00,129.10,127.25,128.00,128.00,18613557
2023-10-04,127.00,127.10,124.50,125.30,125.30,33272725
2023-10-05,125.90,126.15,124.55,125.25,125.25,27063441
2023-10-06,126.50,127.00,125.10,125.90,125.90,21928671
2023-10-09,124.80,124.90,122.60,123.85,123.85,21457836
2023-10-10,124.70,125.90,123.75,125.30,125.30,28745957
2023-10-11,126.00,126.30,124.70,124.95,124.95,24455932
2023-10-12,125.35,126.90,125.10,125.90,125.90,19361688
2023-10-13,125.00,125.75,124.00,125.05,125.05,26912800
2023-10-16,125.10,127.25,124.95,127.00,127.00,23868700
2023-10-17,127.90,128.55,127.00,127.40,127.40,24241710
2023-10-18,127.85,128.70,126.60,127.10,127.10,20926079
2023-10-19,125.50,126.50,124.35,126.00,126.00,30941319
2023-10-20,125.00,125.75,122.70,123.10,123.10,30746140
2023-10-23,123.35,123.40,119.70,120.00,120.00,30699479
2023-10-25,121.20,122.80,120.75,121.35,121.35,27346103
2023-10-26,120.85,120.90,118.90,119.90,119.90,36298907
2023-10-27,120.50,121.80,119.50,119.90,119.90,28424007
2023-10-30,121.05,121.25,118.95,119.15,119.15,18753217
2023-10-31,120.00,120.15,118.40,118.75,118.75,22319950
2023-11-01,119.00,119.10,116.00,116.60,116.60,24717941
2023-11-02,114.60,118.55,114.60,118.10,118.10,72538804
2023-11-03,118.20,118.60,117.10,117.30,117.30,31747230
2023-11-06,118.50,119.65,117.50,119.40,119.40,27883152
2023-11-07,119.30,120.20,118.40,119.65,119.65,25818033
2023-11-08,119.75,120.50,118.55,119.05,119.05,22552386
2023-11-09,119.20,120.50,118.85,119.65,119.65,22979112
2023-11-10,119.50,120.45,118.80,120.05,120.05,23584510
2023-11-13,120.85,121.25,119.90,121.00,121.00,17951775
2023-11-15,121.70,124.40,121.50,124.05,124.05,38344393
2023-11-16,124.00,125.25,123.00,124.70,124.70,30836413
2023-11-17,124.70,125.75,124.30,125.20,125.20,23319439
2023-11-20,125.05,125.65,124.05,124.35,124.35,18780290
2023-11-21,125.05,126.40,124.95,126.25,126.25,29643312
2023-11-22,126.40,126.90,125.50,126.10,126.10,19588063
2023-11-23,126.35,127.40,125.90,126.70,126.70,30736851
2023-11-24,126.70,127.00,125.55,125.95,125.95,14719450
2023-11-28,127.00,127.00,126.00,126.85,126.85,18377843
2023-11-29,127.15,128.15,126.70,127.75,127.75,23092165
2023-11-30,127.80,128.85,126.50,127.90,127.90,40165104
2023-12-01,128.90,130.30,128.05,130.00,130.00,31192397
2023-12-04,132.20,132.35,130.40,131.00,131.00,41230928
2023-12-05,131.00,132.45,130.00,131.60,131.60,35192149
2023-12-06,132.50,133.40,130.80,131.85,131.85,40753593
2023-12-07,131.70,132.20,129.80,130.00,130.00,34686333
2023-12-08,130.15,131.40,127.95,129.20,129.20,34393711
2023-12-11,129.85,130.50,128.75,130.05,130.05,24038059
2023-12-12,130.05,132.15,129.70,130.10,130.10,30696410
2023-12-13,130.55,131.50,129.15,131.40,131.40,22767972
2023-12-14,132.30,133.25,131.50,132.00,132.00,43372143
2023-12-15,133.40,136.75,133.00,136.45,136.45,77377446
2023-12-18,136.85,137.60,135.10,136.60,136.60,38461877
2023-12-19,136.65,137.60,134.80,135.40,135.40,27726431
2023-12-20,135.90,136.15,128.75,129.75,129.75,39495961
2023-12-21,128.70,131.45,127.85,131.00,131.00,34914399
2023-12-22,132.40,134.75,131.75,133.55,133.55,37357334
2023-12-26,134.70,136.10,134.45,135.20,135.20,25936447
2023-12-27,135.85,138.90,135.50,137.20,137.20,48101400
2023-12-28,138.15,138.75,136.85,138.15,138.15,34661176
2023-12-29,138.60,141.25,137.15,139.60,139.60,49202910
2024-01-01,140.00,140.95,139.05,139.85,139.85,21186105
2024-01-02,140.50,140.60,137.05,139.60,139.60,27764060
2024-01-03,139.50,139.60,134.35,135.35,135.35,45176618
2024-01-04,136.00,136.35,134.00,134.25,134.25,43913498
2024-01-05,135.00,135.95,132.85,133.65,133.65,71330190
2024-01-08,135.30,135.95,131.75,132.00,132.00,39559717
2024-01-09,133.50,134.80,132.50,133.65,133.65,30736868
2024-01-10,133.80,134.70,132.10,134.10,134.10,27213624
2024-01-11,134.85,135.65,134.20,134.90,134.90,23113349
2024-01-12,135.80,136.25,134.65,135.30,135.30,32883921
2024-01-15,136.00,136.25,133.95,134.90,134.90,34158775
2024-01-16,134.70,138.50,134.00,137.25,137.25,56361287
2024-01-17,135.45,135.75,131.40,131.65,131.65,58982971
2024-01-18,131.65,132.25,128.20,131.00,131.00,45273496
2024-01-19,132.60,134.70,131.60,134.25,134.25,32653013
2024-01-23,134.80,135.20,129.30,130.10,130.10,35373970
2024-01-24,130.20,135.55,130.10,135.15,135.15,39340119
2024-01-25,136.50,136.50,132.00,133.75,133.75,61358839
2024-01-29,134.70,135.40,133.50,135.00,135.00,29745400
2024-01-30,135.60,137.70,134.50,134.70,134.70,35704185
2024-01-31,135.00,136.70,134.50,135.95,135.95,36079354
2024-02-01,136.40,136.75,134.50,134.80,134.80,31701793
2024-02-02,135.30,139.60,134.80,138.70,138.70,69296192
2024-02-05,140.00,143.35,139.35,141.55,141.55,80737626
2024-02-06,143.00,145.10,140.45,144.65,144.65,53192936
2024-02-07,146.85,147.40,144.05,144.40,144.40,61517064
2024-02-08,145.30,145.65,143.05,143.65,143.65,38997666
2024-02-09,144.20,144.45,139.15,141.30,141.30,35961925
2024-02-12,142.00,142.95,136.65,137.40,137.40,36477544
2024-02-13,137.75,138.25,134.10,137.85,137.85,39155909
2024-02-14,137.00,141.50,135.75,141.20,141.20,29141690
2024-02-15,141.50,143.45,141.00,141.20,141.20,31577040
